{
  "threads": [
    {
      "name": "I.H.M.T.R",
      "id": "525552844271984",
      "expire": 1454821349
    },
    {
      "name": "",
      "id": "441728852690752",
      "expire": 1454922790
    },
    {
      "name": "",
      "id": "818163524972904",
      "expire": 1454922815
    },
    {
      "name": "Free Trade Agreement Chemistry",
      "id": "926410260780923",
      "expire": 1454964994
    },
    {
      "name": "Osu Weebs",
      "id": "1044658738877877",
      "expire": 1455350952
    },
    {
      "name": "K.A.I.",
      "id": "179543665720366",
      "expire": 1455417705
    },
    {
      "name": "ALL PRAISE KARD (/O.o)/",
      "id": "821045861305909",
      "expire": 1455495776
    },
    {
      "name": "The Real Centipede",
      "id": "1649992558551084",
      "expire": 1455582728
    },
    {
      "name": "Val Choung",
      "id": 100006689162535,
      "expire": 1455601802
    },
    {
      "name": "osu!UCI Chat",
      "id": "1547446188829939",
      "expire": 1455620345
    },
    {
      "name": "CenaNation",
      "id": "165843950254724",
      "expire": 1455716191
    },
    {
      "name": "LeagueDay 2016",
      "id": "1475239659451137",
      "expire": 1455716198
    },
    {
      "name": "Senior year pls, y u du dis",
      "id": "716229358459045",
      "expire": 1455716396
    },
    {
      "name": "DT is too hard",
      "id": "521751258001669",
      "expire": 1455716460
    },
    {
      "name": "why do you still care about school",
      "id": "1500184643641568",
      "expire": 1455719577
    },
    {
      "name": "broken sliders broken dreams",
      "id": "918895401534946",
      "expire": 1455724376
    }
  ],
  "users": [
    {
      "name": "Facebook User",
      "picture": "https://scontent.xx.fbcdn.net/hprofile-xlt1/v/t1.0-1/c9.0.32.32/p32x32/10645251_10150004552801937_4553731092814901385_n.jpg?oh=29ed6d09d7392060ce27bc88b53163e3&oe=572DEC26",
      "firstName": "Facebook User",
      "gender": 7,
      "expire": 1454763149
    },
    {
      "id": "100001695288061",
      "name": "Lilia Motley",
      "picture": "https://scontent.xx.fbcdn.net/hprofile-ash2/v/t1.0-1/c0.0.32.32/p32x32/10429480_786817028051466_9131281540385248336_n.jpg?oh=49d07b6b1651a6fba51cb95588976f0b&oe=572FC2E4",
      "firstName": "Lilia",
      "gender": 1,
      "expire": 1454821349
    },
    {
      "id": "100000023539542",
      "name": "Shanay Thakkar",
      "picture": "https://scontent.xx.fbcdn.net/hprofile-xlp1/v/t1.0-1/c5.0.32.32/p32x32/12573081_1111337028877071_2026361189620299414_n.jpg?oh=e984ec6080b6d03d9a53784950374007&oe=573A7C8C",
      "firstName": "Shanay",
      "gender": 2,
      "expire": 1454821349
    },
    {
      "id": "100000069141605",
      "name": "Neil Patel",
      "picture": "https://scontent.xx.fbcdn.net/hprofile-xaf1/v/t1.0-1/p32x32/10387670_1008543195824642_5421172628133944117_n.jpg?oh=20ee9be39ff4b9db21d53ee8c3101382&oe=576B4DD2",
      "firstName": "Neil",
      "gender": 2,
      "expire": 1454821349
    },
    {
      "id": "1788481685",
      "name": "Aya Bridgeland",
      "picture": "https://scontent.xx.fbcdn.net/hprofile-xpt1/v/t1.0-1/p32x32/12301736_10203609771883383_948809238572534466_n.jpg?oh=0fc64ec3737ada082fb41bc10fbe16ad&oe=576A2C59",
      "firstName": "Aya",
      "gender": 1,
      "expire": 1454821349
    },
    {
      "id": "100001212482918",
      "name": "Ashni Gandhi",
      "picture": "https://scontent.xx.fbcdn.net/hprofile-xaf1/v/t1.0-1/p32x32/10169432_828565283860547_5472283414328333351_n.jpg?oh=8a498f891699aeab1e4206291a7f0345&oe=57703151",
      "firstName": "Ashni",
      "gender": 1,
      "expire": 1454821349
    },
    {
      "id": "100001824432236",
      "name": "Ojus Deshmukh",
      "picture": "https://scontent.xx.fbcdn.net/hprofile-xtp1/v/t1.0-1/p32x32/12119082_946768222060650_9206478144960768499_n.jpg?oh=a89c2daa8f2446ece900c2e67c1d8546&oe=5738DAF8",
      "firstName": "Ojus",
      "gender": 2,
      "expire": 1454821349
    },
    {
      "id": "100000915688942",
      "name": "Saneil Harchekar",
      "picture": "https://scontent.xx.fbcdn.net/hprofile-xap1/v/t1.0-1/p32x32/12063326_1044308992276280_2461858495181191405_n.jpg?oh=c8bc3fbc423b57283fec114e073bfc65&oe=5724581B",
      "firstName": "Saneil",
      "gender": 2,
      "expire": 1454964995
    },
    {
      "id": "100007320977809",
      "name": "Ali Ladha",
      "picture": "https://scontent.xx.fbcdn.net/hprofile-xft1/v/t1.0-1/p32x32/11986518_1642111542709529_5370533080962934252_n.jpg?oh=9d16d7e78474d65f97bf86b9681883f7&oe=5733A59A",
      "firstName": "Ali",
      "gender": 2,
      "expire": 1454964995
    },
    {
      "id": "100002505549315",
      "name": "Nina Ayar",
      "picture": "https://scontent.xx.fbcdn.net/hprofile-xpf1/v/t1.0-1/p32x32/12278813_936867936406716_3462650926977928117_n.jpg?oh=b52d6a31966fd539537fd5ba432ff802&oe=576E4A9E",
      "firstName": "Nina",
      "gender": 1,
      "expire": 1454964995
    },
    {
      "id": "1850581127",
      "name": "Varun Malhotra",
      "picture": "https://scontent.xx.fbcdn.net/hprofile-xfp1/v/t1.0-1/p32x32/11021087_10202780800001674_4632021608423017873_n.jpg?oh=a2d905df165b522f121066533a2b037a&oe=572B5846",
      "firstName": "Varun",
      "gender": 2,
      "expire": 1454964995
    },
    {
      "id": "100006476245521",
      "name": "Rami Fouani",
      "picture": "https://scontent.xx.fbcdn.net/hprofile-xat1/v/l/t1.0-1/p32x32/12079672_1914490162110173_435190166571466978_n.jpg?oh=ee384072ede708badc5b09950edb5710&oe=57697C07",
      "firstName": "Rami",
      "gender": 2,
      "expire": 1454964995
    },
    {
      "id": "100003913009811",
      "name": "Yash Hatkar",
      "picture": "https://scontent.xx.fbcdn.net/hprofile-xpt1/v/t1.0-1/p32x32/12631331_638010936339334_7596281511034596579_n.jpg?oh=ed9f28c6fb9c9f2421831123ec74a328&oe=573CE54B",
      "firstName": "Yash",
      "gender": 2,
      "expire": 1454964995
    },
    {
      "id": "100006041233321",
      "name": "Adit Ghosh",
      "picture": "https://scontent.xx.fbcdn.net/hprofile-xfa1/v/t1.0-1/p32x32/1908139_1645666925644666_3786960994134273322_n.jpg?oh=08694968141c860c2aed22893adaf601&oe=572D6DDD",
      "firstName": "Adit",
      "gender": 2,
      "expire": 1454964995
    },
    {
      "id": "100001451036625",
      "name": "Daniel Chen",
      "picture": "https://scontent.xx.fbcdn.net/hprofile-xla1/v/t1.0-1/p32x32/10157373_1119390741452616_9063710040423113169_n.jpg?oh=a07d20951c20224edc86435786513ed0&oe=5734FB88",
      "firstName": "Daniel",
      "gender": 2,
      "expire": 1454964995
    },
    {
      "id": "100002684960433",
      "name": "Rohan Balel",
      "picture": "https://scontent.xx.fbcdn.net/hprofile-xaf1/v/t1.0-1/p32x32/1471189_637878252978334_2628789189913190499_n.jpg?oh=d65beb3f8bc8b9257abfd2bcaf43db2d&oe=5725CC9A",
      "firstName": "Rohan",
      "gender": 2,
      "expire": 1454964995
    },
    {
      "id": "100003104928217",
      "name": "Amara Jammalamadaka",
      "picture": "https://scontent.xx.fbcdn.net/hprofile-xtp1/v/t1.0-1/p32x32/11817052_831227706990719_3593973186474017687_n.jpg?oh=a75f312c09dbe3475e4c445bba83270e&oe=57349018",
      "firstName": "Amara",
      "gender": 1,
      "expire": 1454964995
    },
    {
      "id": "100003027981572",
      "name": "Cerie Ock",
      "picture": "https://scontent.xx.fbcdn.net/hprofile-xtf1/v/t1.0-1/c8.0.32.32/p32x32/11215195_749333755177550_5973785381070995444_n.jpg?oh=fc7016972959130b10f5bc152a3a3df3&oe=5739E87A",
      "firstName": "Cerie",
      "gender": 1,
      "expire": 1454964995
    },
    {
      "id": "100000144731044",
      "name": "Alice Jin",
      "picture": "https://scontent.xx.fbcdn.net/hprofile-xtp1/v/t1.0-1/p32x32/12523055_1212369095444570_6950314532858515840_n.jpg?oh=d3833d539b87f2941a3a46627d737356&oe=572E43C6",
      "firstName": "Alice",
      "gender": 1,
      "expire": 1455417706
    },
    {
      "id": "100003231766678",
      "name": "Isheeta Jaria",
      "picture": "https://scontent.xx.fbcdn.net/hprofile-xat1/v/t1.0-1/p32x32/12027646_839756396142078_6905316840276907248_n.jpg?oh=35d29631973163f35b42d44f7d3bf6e5&oe=572F6879",
      "firstName": "Isheeta",
      "gender": 1,
      "expire": 1455417706
    },
    {
      "id": "1525643847",
      "name": "Nick John Vickers",
      "picture": "https://scontent.xx.fbcdn.net/hprofile-xpl1/v/t1.0-1/p32x32/12310551_10204995552478270_1176494949292591326_n.jpg?oh=5f58af79a6d7297219a4c5da87e7082b&oe=5766348B",
      "firstName": "Nick",
      "gender": 2,
      "expire": 1455495777
    },
    {
      "id": "1478182788",
      "name": "Brock Alberry",
      "picture": "https://scontent.xx.fbcdn.net/hprofile-xpa1/v/t1.0-1/c33.33.414.414/s32x32/268525_10200324433901643_725395393_n.jpg?oh=b726993f4be314b783109eca08a601d5&oe=57268C07",
      "firstName": "Brock",
      "gender": 2,
      "expire": 1455495777
    },
    {
      "id": "100002323316234",
      "name": "Patrick Banik",
      "picture": "https://scontent.xx.fbcdn.net/hprofile-xfa1/v/t1.0-1/c9.0.32.32/p32x32/10354686_10150004552801856_220367501106153455_n.jpg?oh=f50598f902417190ee6cc3719f47c183&oe=575E7DE4",
      "firstName": "Patrick",
      "gender": 2,
      "expire": 1455495777
    },
    {
      "id": "1578733535",
      "name": "Thomas Drolet",
      "picture": "https://scontent.xx.fbcdn.net/hprofile-frc3/v/t1.0-1/c49.49.607.607/s32x32/944458_4521804774716_1573041801_n.jpg?oh=448065585421a2bad53d82425a67ee37&oe=5726B1BC",
      "firstName": "Thomas",
      "gender": 2,
      "expire": 1455495777
    },
    {
      "id": "100006343025218",
      "name": "Jessica Ji",
      "picture": "https://scontent.xx.fbcdn.net/hprofile-xtf1/v/t1.0-1/p32x32/12006225_1711578905730194_5320683458574919877_n.jpg?oh=ac7116d2a2088320c37d97e955455df7&oe=5761DFB1",
      "firstName": "Jessica",
      "gender": 1,
      "expire": 1455495777
    },
    {
      "id": "100005185837549",
      "name": "Joshua Kim",
      "picture": "https://scontent.xx.fbcdn.net/hprofile-xpf1/v/t1.0-1/p32x32/11012538_448653011984223_4682150841929188864_n.jpg?oh=1bd261f26ce0e9c7d3d3928a856cc7df&oe=5725F471",
      "firstName": "Joshua",
      "gender": 2,
      "expire": 1455495777
    },
    {
      "id": "100000852324794",
      "name": "Tomas Markevičius",
      "picture": "https://scontent.xx.fbcdn.net/hprofile-xaf1/v/t1.0-1/c20.20.256.256/s32x32/307168_252257921479283_1155608608_n.jpg?oh=bd59bca98139909f7b556b7c1f65cefa&oe=57325DAA",
      "firstName": "Tomas",
      "gender": 2,
      "expire": 1455495777
    },
    {
      "id": "100001929085132",
      "name": "Jaeyeong Hwang",
      "picture": "https://scontent.xx.fbcdn.net/hprofile-xal1/v/t1.0-1/c5.0.32.32/p32x32/1914869_107157146025254_2621441_n.jpg?oh=e38b4a957c828b3eebfea973f9c2679e&oe=575FCA3B",
      "firstName": "Jaeyeong",
      "gender": 2,
      "expire": 1455495777
    },
    {
      "id": "1647476565",
      "name": "Robin Pang",
      "picture": "https://scontent.xx.fbcdn.net/hprofile-xpa1/v/t1.0-1/p32x32/1186022_10202866915987749_2081461590_n.jpg?oh=33a8499768cb64949ccd4507cd12741c&oe=57315871",
      "firstName": "Pang",
      "gender": 2,
      "expire": 1455495778
    },
    {
      "id": "100010145972656",
      "name": "Nathan Cha",
      "picture": "https://scontent.xx.fbcdn.net/hprofile-xtf1/v/t1.0-1/p32x32/20220_104195509928648_7490649211450838004_n.jpg?oh=140d84109870eb1990a7f1d7747da47d&oe=5730AC6C",
      "firstName": "Nathan",
      "gender": 2,
      "expire": 1455582728
    },
    {
      "id": "100006460730195",
      "name": "Kevin Li",
      "picture": "https://scontent.xx.fbcdn.net/hprofile-xlp1/v/t1.0-1/c93.41.768.768/s32x32/12368975_1945246539034018_8678693408439791391_n.jpg?oh=1eb3aca9796e20f232d4f8424d1e9d82&oe=57262059",
      "firstName": "Kevin",
      "gender": 2,
      "expire": 1455582728
    },
    {
      "id": "100005976761948",
      "name": "Manana Hong",
      "picture": "https://scontent.xx.fbcdn.net/hprofile-xfa1/v/t1.0-1/c9.0.32.32/p32x32/10354686_10150004552801856_220367501106153455_n.jpg?oh=f50598f902417190ee6cc3719f47c183&oe=575E7DE4",
      "firstName": "Manana",
      "gender": 2,
      "expire": 1455582728
    },
    {
      "id": "100000890060271",
      "name": "Marshall Hong",
      "picture": "https://scontent.xx.fbcdn.net/hprofile-xpt1/v/t1.0-1/p32x32/11667367_991973494175643_5060690254235740522_n.jpg?oh=44bf37d36071530ef5af4f9691065bc1&oe=576104C1",
      "firstName": "Marshall",
      "gender": 2,
      "expire": 1455582728
    },
    {
      "id": "100001203318903",
      "name": "Langston Chandler",
      "picture": "https://scontent.xx.fbcdn.net/hprofile-xtp1/v/t1.0-1/p32x32/11998900_1051578121558955_3901829436656713160_n.jpg?oh=dd18bcf1abb0f9228a9bed6b3cf4da8d&oe=5766578D",
      "firstName": "Langston",
      "gender": 2,
      "expire": 1455620345
    },
    {
      "id": "100008585881777",
      "name": "Bradley Shood",
      "picture": "https://scontent.xx.fbcdn.net/hprofile-xpf1/v/t1.0-1/p32x32/12670139_1516940251935490_3218462122509933865_n.jpg?oh=a51bc0f9f2a0114d5367f3ab9db31adb&oe=576D294E",
      "firstName": "Bradley",
      "gender": 2,
      "expire": 1455620345
    },
    {
      "id": "100000471849399",
      "name": "Scott Kang",
      "picture": "https://scontent.xx.fbcdn.net/hprofile-frc3/v/t1.0-1/c147.49.616.616/s32x32/944162_674924615866594_1722233182_n.jpg?oh=e7fc105491755b2a5e7f5275f03b25b1&oe=5770ACF9",
      "firstName": "Scott",
      "gender": 2,
      "expire": 1455620346
    },
    {
      "id": "100001188392291",
      "name": "Nina Volkmuth",
      "picture": "https://scontent.xx.fbcdn.net/hprofile-frc3/v/t1.0-1/c0.0.32.32/p32x32/10702133_749466808436259_3363641525902304026_n.jpg?oh=d46671607979896d3c5ffbc1b99b82eb&oe=57643181",
      "firstName": "Nina",
      "gender": 1,
      "expire": 1455620346
    },
    {
      "id": "100000693693834",
      "name": "Royce Sato",
      "picture": "https://scontent.xx.fbcdn.net/hprofile-xaf1/v/t1.0-1/p32x32/1937041_1074199792613134_229168191743030673_n.jpg?oh=eb9611f47b8edcb908454986bcdf8aaf&oe=5767FBA2",
      "firstName": "Royce",
      "gender": 2,
      "expire": 1455620346
    },
    {
      "id": "100001173807434",
      "name": "Kenny Yam",
      "picture": "https://scontent.xx.fbcdn.net/hprofile-xtp1/v/t1.0-1/c5.0.32.32/p32x32/12079650_870712226311229_3563717008417036678_n.jpg?oh=1d9fdd8f979f8e71267b7a43f15860cb&oe=576AEE6C",
      "firstName": "Kenny",
      "gender": 2,
      "expire": 1455620346
    },
    {
      "id": "1002643333",
      "name": "Jimmy Zhang",
      "picture": "https://scontent.xx.fbcdn.net/hprofile-xap1/v/t1.0-1/p32x32/10382723_10202955922191355_125014586145378781_n.jpg?oh=ca178171946c968facc0be8ffa8db1e8&oe=572CEAFC",
      "firstName": "Jimmy",
      "gender": 2,
      "expire": 1455620346
    },
    {
      "id": "100001507145856",
      "name": "Paxton Wong",
      "picture": "https://scontent.xx.fbcdn.net/hprofile-xfa1/v/t1.0-1/c10.10.131.131/s32x32/183230_153433868050184_4103783_n.jpg?oh=b44dc0cfb61e042a7765264682cfef5b&oe=575C838A",
      "firstName": "Paxton",
      "gender": 2,
      "expire": 1455620346
    },
    {
      "id": "100000182829023",
      "name": "Chanel Trang",
      "picture": "https://scontent.xx.fbcdn.net/hprofile-xta1/v/t1.0-1/p32x32/12032057_1213946785288071_1711258895725819380_n.jpg?oh=457d53a0e0e250647c897a00385e18fb&oe=5725CFED",
      "firstName": "Chanel",
      "gender": 1,
      "expire": 1455620346
    },
    {
      "id": "100000615632431",
      "name": "Aaron Liao",
      "picture": "https://scontent.xx.fbcdn.net/hprofile-xfa1/v/t1.0-1/c3.0.32.32/p32x32/59494_599826890047827_1582479484_n.jpg?oh=3fae633597b231c1ba2259776465c821&oe=576F48CC",
      "firstName": "Aaron",
      "gender": 2,
      "expire": 1455620346
    },
    {
      "id": "100001679345815",
      "name": "Justin Veyna",
      "picture": "https://scontent.xx.fbcdn.net/hprofile-xfp1/v/t1.0-1/p32x32/11081235_849882711744366_6295348784711996627_n.jpg?oh=0bf28192cf9403f309f0edd8f21d5e26&oe=57300764",
      "firstName": "Justin",
      "gender": 2,
      "expire": 1455620346
    },
    {
      "id": "1645304149",
      "name": "Derek Malonzo",
      "picture": "https://scontent.xx.fbcdn.net/hprofile-xft1/v/t1.0-1/p32x32/12006293_10206695517820330_1563251671738048784_n.jpg?oh=8e793dde34abe2f2533db582152e265c&oe=57680C7A",
      "firstName": "Derek",
      "gender": 2,
      "expire": 1455620346
    },
    {
      "id": "571682723",
      "name": "Victor Stolle",
      "picture": "https://scontent.xx.fbcdn.net/hprofile-ash2/v/t1.0-1/p32x32/10915219_10152605053097724_8247725157478255480_n.jpg?oh=b152eaaf33d538f65cbe28e71cfcfe76&oe=576AD940",
      "firstName": "Victor",
      "gender": 2,
      "expire": 1455620346
    },
    {
      "id": "1196457810",
      "name": "Max Chung",
      "picture": "https://scontent.xx.fbcdn.net/hprofile-xat1/v/t1.0-1/p32x32/12316162_10208171174135854_1988870658316232836_n.jpg?oh=ada8c52952fb3684ca0b8a3734848e8d&oe=572D00BC",
      "firstName": "Max",
      "gender": 2,
      "expire": 1455620346
    },
    {
      "id": "100001938272083",
      "name": "Alex Luu",
      "picture": "https://scontent.xx.fbcdn.net/hprofile-xft1/v/t1.0-1/c215.115.391.391/s32x32/11998844_877584212316180_5475526203278135043_n.jpg?oh=d3abbd42b093c5e5555965f331bf9911&oe=576720FF",
      "firstName": "Alex",
      "gender": 2,
      "expire": 1455620346
    },
    {
      "id": "1753748862",
      "name": "Jason Chen",
      "picture": "https://scontent.xx.fbcdn.net/hprofile-xfp1/v/t1.0-1/c0.8.32.32/p32x32/10347085_4384703833112_106033818202203837_n.jpg?oh=7ef495e3a300f5af80ae49e8ac1f6122&oe=572E2732",
      "firstName": "Jason",
      "gender": 2,
      "expire": 1455620346
    },
    {
      "id": "100000778856441",
      "name": "Arthur Baylian",
      "picture": "https://scontent.xx.fbcdn.net/hprofile-xpa1/v/t1.0-1/p32x32/10530721_843824242320196_2200975229465262762_n.jpg?oh=f2d00980b704489ea45b750d83374a16&oe=5728A4C4",
      "firstName": "Arthur",
      "gender": 2,
      "expire": 1455620346
    },
    {
      "id": "1628538951",
      "name": "John Moon",
      "picture": "https://scontent.xx.fbcdn.net/hprofile-xta1/v/t1.0-1/c103.218.470.470/s32x32/12004858_10206095491699493_1803759521912172148_n.jpg?oh=0ab6da5f29eeaa51c8aa658c8f9a4fe1&oe=57644906",
      "firstName": "John",
      "gender": 2,
      "expire": 1455620346
    },
    {
      "id": "100000503046659",
      "name": "Valentin Yang",
      "picture": "https://scontent.xx.fbcdn.net/hprofile-xfp1/v/t1.0-1/p32x32/11017737_1059109854115773_3539102687385389666_n.jpg?oh=51dbcdcfee7a81a403ee25456aeba4e4&oe=57648A42",
      "firstName": "Valentin",
      "gender": 2,
      "expire": 1455620346
    },
    {
      "id": "100000677624375",
      "name": "Jason Hsieh",
      "picture": "https://scontent.xx.fbcdn.net/hprofile-xtf1/v/t1.0-1/c25.97.403.403/s32x32/12192_500233733342543_669875029_n.jpg?oh=667afdea6085169a2c6307644c718bf2&oe=576CB2A2",
      "firstName": "Jason",
      "gender": 2,
      "expire": 1455620346
    },
    {
      "id": "100010179045844",
      "name": "Brandon Mah",
      "picture": "https://scontent.xx.fbcdn.net/hprofile-xfa1/v/t1.0-1/c9.0.32.32/p32x32/10354686_10150004552801856_220367501106153455_n.jpg?oh=f50598f902417190ee6cc3719f47c183&oe=575E7DE4",
      "firstName": "Brandon",
      "gender": 2,
      "expire": 1455620346
    },
    {
      "id": "100011307603181",
      "name": "Mikal Zaeng",
      "picture": "https://scontent.xx.fbcdn.net/hprofile-xtp1/v/t1.0-1/p32x32/12654685_104219266631660_2574915598563028299_n.jpg?oh=768379e12327cbd4715a9a294a05d306&oe=5764DAB1",
      "firstName": "Mikal",
      "gender": 2,
      "expire": 1455716191
    },
    {
      "id": "100004397551193",
      "name": "Kyle Ringham",
      "picture": "https://scontent.xx.fbcdn.net/hprofile-xfa1/v/t1.0-1/p32x32/12439127_566004803556100_4588055187242910328_n.jpg?oh=ba0cee5b6ea30e556b3577a0d7661238&oe=576E58BF",
      "firstName": "Kyle",
      "gender": 2,
      "expire": 1455716192
    },
    {
      "id": "100007185343290",
      "name": "Prithvi Velpuri",
      "picture": "https://scontent.xx.fbcdn.net/hprofile-xla1/v/t1.0-1/p32x32/11990382_1671125619803600_2315586448522169525_n.jpg?oh=2072e5add87c594859812a7138dce9e3&oe=5726C19B",
      "firstName": "Prithvi",
      "gender": 2,
      "expire": 1455716192
    },
    {
      "id": "1769001463",
      "name": "Emily Leng",
      "picture": "https://scontent.xx.fbcdn.net/hprofile-xta1/v/t1.0-1/p32x32/11693994_10200787897737643_9007512066353565376_n.jpg?oh=2ae9097c61e080770f594ed9d5d31b49&oe=5731F92A",
      "firstName": "Emily",
      "gender": 1,
      "expire": 1455716192
    },
    {
      "id": "100003896281163",
      "name": "Michelle Anmeng",
      "picture": "https://scontent.xx.fbcdn.net/hprofile-xpl1/v/t1.0-1/p32x32/12360435_629564927183378_1736799135668132207_n.jpg?oh=96a8a4e3ad80f886ea8761ec358d3c0d&oe=5764662F",
      "firstName": "Michelle",
      "gender": 1,
      "expire": 1455716192
    },
    {
      "id": "100003259043411",
      "name": "Satoru Ohno",
      "picture": "https://scontent.xx.fbcdn.net/hprofile-xtp1/v/t1.0-1/p32x32/11050118_742888919163069_7402727506075238467_n.jpg?oh=b9fa6ab4a6293920bf3728a3f6f97f97&oe=5764F44B",
      "firstName": "Satoru",
      "gender": 2,
      "expire": 1455716192
    },
    {
      "id": "100000790805009",
      "name": "Jaemin Kim",
      "picture": "https://scontent.xx.fbcdn.net/hprofile-xpt1/v/t1.0-1/p32x32/12670091_979372708765747_4544434242504255145_n.jpg?oh=956bdae1e1870d26155cfc1e355e7a9b&oe=5723EA33",
      "firstName": "Jaemin",
      "gender": 2,
      "expire": 1455716192
    },
    {
      "id": "100001160503617",
      "name": "Vikaas Ranganathan",
      "picture": "https://scontent.xx.fbcdn.net/hprofile-xtp1/v/t1.0-1/p32x32/11224677_881792765202732_5463476380162490019_n.jpg?oh=6ce99f3d416dd84542457ec68e2d6572&oe=5728E609",
      "firstName": "Vikaas",
      "gender": 2,
      "expire": 1455716192
    },
    {
      "id": "100006818856643",
      "name": "Lucas Pflug",
      "picture": "https://scontent.xx.fbcdn.net/hprofile-frc3/v/t1.0-1/c5.0.32.32/p32x32/10455938_1489978134572801_2608359465174693280_n.jpg?oh=5f2a26729242f1ab56ad5048c6e05bb5&oe=576777A0",
      "firstName": "Lucas",
      "gender": 2,
      "expire": 1455716192
    },
    {
      "id": "100001512313568",
      "name": "Maya Cohen",
      "picture": "https://scontent.xx.fbcdn.net/hprofile-xap1/v/t1.0-1/p32x32/1491742_1019635744763493_5330247905067099023_n.jpg?oh=4e9a24b8aa1b8054d00b6a8a13ab808e&oe=5768711A",
      "firstName": "Maya",
      "gender": 1,
      "expire": 1455716192
    },
    {
      "id": "100008003280693",
      "name": "Jordon Foster",
      "picture": "https://scontent.xx.fbcdn.net/hprofile-xtl1/v/t1.0-1/p32x32/12308461_1659360317674062_6951075202890694220_n.jpg?oh=7a41b4715a5306a3c4f1891d0a0fd8c1&oe=57307B0F",
      "firstName": "Jordon",
      "gender": 2,
      "expire": 1455716192
    },
    {
      "id": "100003106665673",
      "name": "Jacob Karp",
      "picture": "https://scontent.xx.fbcdn.net/hprofile-xfa1/v/t1.0-1/p32x32/11227864_784602758319939_1704283808563959436_n.jpg?oh=13321125319a2d029a8398d057364083&oe=5722BD03",
      "firstName": "Jacob",
      "gender": 2,
      "expire": 1455716192
    },
    {
      "id": "100002802301789",
      "name": "Parth Patel",
      "picture": "https://scontent.xx.fbcdn.net/hprofile-xlt1/v/t1.0-1/p32x32/11817123_596362857133786_6771762729867608140_n.jpg?oh=d1f2755edf969114948aff8cc2deec81&oe=576659F0",
      "firstName": "Parth",
      "gender": 2,
      "expire": 1455716192
    },
    {
      "id": "100006642636662",
      "name": "Michael Zhang",
      "picture": "https://scontent.xx.fbcdn.net/hprofile-xft1/v/t1.0-1/p32x32/711_1757648961133175_4355109215501132202_n.jpg?oh=c935f1a6f2981ac801f4d2258429c6d6&oe=575B78C5",
      "firstName": "Michael",
      "gender": 2,
      "expire": 1455716192
    },
    {
      "id": "100006241906380",
      "name": "Emery Liu",
      "picture": "https://scontent.xx.fbcdn.net/hprofile-xal1/v/t1.0-1/p32x32/1538883_1697823907102323_5263806945730246188_n.jpg?oh=9e7d77c2e1b6052afd1fdad94a2a8cc8&oe=572A6A80",
      "firstName": "Emery",
      "gender": 2,
      "expire": 1455716198
    },
    {
      "id": "100011356442146",
      "name": "Sal Tea",
      "picture": "https://scontent.xx.fbcdn.net/hprofile-xlp1/v/t1.0-1/p32x32/12654172_118368151885066_4221581489975379596_n.jpg?oh=7158cf1f95f745dae7fb1cebccd862dd&oe=576F01A0",
      "firstName": "Sal",
      "gender": 1,
      "expire": 1455716198
    },
    {
      "id": "100006241906380",
      "name": "Emery Liu",
      "picture": "https://scontent.xx.fbcdn.net/hprofile-xal1/v/t1.0-1/p32x32/1538883_1697823907102323_5263806945730246188_n.jpg?oh=9e7d77c2e1b6052afd1fdad94a2a8cc8&oe=572A6A80",
      "firstName": "Emery",
      "gender": 2,
      "expire": 1455716199
    },
    {
      "id": "100011356442146",
      "name": "Sal Tea",
      "picture": "https://scontent.xx.fbcdn.net/hprofile-xlp1/v/t1.0-1/p32x32/12654172_118368151885066_4221581489975379596_n.jpg?oh=7158cf1f95f745dae7fb1cebccd862dd&oe=576F01A0",
      "firstName": "Sal",
      "gender": 1,
      "expire": 1455716199
    },
    {
      "id": "100004886525879",
      "name": "Aman Grover",
      "picture": "https://scontent.xx.fbcdn.net/hprofile-xfp1/v/t1.0-1/p32x32/12642438_495338697305677_2359257276737515104_n.jpg?oh=b09242cbd01efbce413533a1ed0cec9b&oe=576E51B0",
      "firstName": "Aman",
      "gender": 2,
      "expire": 1455716199
    },
    {
      "id": "100000375507783",
      "name": "Andy Xu",
      "picture": "https://scontent.xx.fbcdn.net/hprofile-xtf1/v/t1.0-1/p32x32/1466080_659789850710192_680658838_n.jpg?oh=45767776eea0308e0679b033f296f0f6&oe=5723C014",
      "firstName": "Andy",
      "gender": 2,
      "expire": 1455716199
    },
    {
      "id": "100000524001159",
      "name": "Chan Lee",
      "picture": "https://scontent.xx.fbcdn.net/hprofile-prn2/v/t1.0-1/p32x32/537221_608937019133759_1471539616_n.jpg?oh=1a39ea5a3253db413919e4e8904cf437&oe=57610D55",
      "firstName": "Chan",
      "gender": 2,
      "expire": 1455716199
    },
    {
      "id": "100002302611648",
      "name": "Brian Zhou",
      "picture": "https://scontent.xx.fbcdn.net/hprofile-xtp1/v/t1.0-1/c4.15.32.32/p40x40/10294259_925282294225182_3455835568370104088_n.jpg?oh=53116f46710f70d586a68ba87603b027&oe=5726FF04",
      "firstName": "Brian",
      "gender": 2,
      "expire": 1455716199
    },
    {
      "id": "100003267449851",
      "name": "Jung H Hwang",
      "picture": "https://scontent.xx.fbcdn.net/hprofile-xfp1/v/t1.0-1/p32x32/12715813_912587045526868_109704317123617886_n.jpg?oh=8374ac8a8276d9f8e86a81aad2ebf779&oe=5723E9E7",
      "firstName": "Jung",
      "gender": 2,
      "expire": 1455716199
    },
    {
      "id": "100000747828976",
      "name": "Cynthia Liu",
      "picture": "https://scontent.xx.fbcdn.net/hprofile-xfp1/v/t1.0-1/p32x32/12717442_1124027054298878_8844211857954980424_n.jpg?oh=0b3f2f8b0845077562cd50678c2720da&oe=575D3F0C",
      "firstName": "Cynthia",
      "gender": 1,
      "expire": 1455716199
    },
    {
      "id": "100000637286973",
      "name": "Allen Guo",
      "picture": "https://scontent.xx.fbcdn.net/hprofile-xlp1/v/t1.0-1/p32x32/12047001_1088747714489794_5567672910450146432_n.jpg?oh=ec00edc6f38bad733da3a30ca1d72201&oe=5769E212",
      "firstName": "Allen",
      "gender": 2,
      "expire": 1455716199
    },
    {
      "id": "100000764213025",
      "name": "Andrew Min",
      "picture": "https://scontent.xx.fbcdn.net/hprofile-xaf1/v/t1.0-1/p32x32/11133782_847150481987084_7841928744388176090_n.jpg?oh=f482b50092f7a07ed6bdb16eb52dc490&oe=57236797",
      "firstName": "Andrew",
      "gender": 2,
      "expire": 1455716199
    },
    {
      "id": "100002029623237",
      "name": "Sarah Hou",
      "picture": "https://scontent.xx.fbcdn.net/hprofile-xpt1/v/t1.0-1/p32x32/11029650_836357526441894_1536973114113171400_n.jpg?oh=04acd947b3a14b1514fef2cba9dacdb9&oe=57241982",
      "firstName": "Sarah",
      "gender": 1,
      "expire": 1455716199
    },
    {
      "id": "100000476141629",
      "name": "Devin Deng",
      "picture": "https://scontent.xx.fbcdn.net/hprofile-xpa1/v/t1.0-1/p32x32/11233264_1406771222682069_4969019278968678025_n.jpg?oh=a0be7a5e1cce7ac878e0c3caf85439d1&oe=57666925",
      "firstName": "Devin",
      "gender": 2,
      "expire": 1455716199
    },
    {
      "id": "100004293914475",
      "name": "Shu Zhang",
      "picture": "https://scontent.xx.fbcdn.net/hprofile-xpl1/v/t1.0-1/p32x32/10260035_304176709735457_9087290456790863768_n.jpg?oh=df0bda4cfe636378fad37ddb4d49452d&oe=5731AD20",
      "firstName": "Shu",
      "gender": 1,
      "expire": 1455716199
    },
    {
      "id": "100001514672519",
      "name": "Noah Kim",
      "picture": "https://scontent.xx.fbcdn.net/hprofile-xap1/v/t1.0-1/p32x32/1456114_600263410034143_1606651189_n.jpg?oh=63d8c204ad4ef6e217210f3e6000318e&oe=57707E8C",
      "firstName": "Noah",
      "gender": 2,
      "expire": 1455716199
    },
    {
      "id": "100000466030348",
      "name": "Allen Cao",
      "picture": "https://scontent.xx.fbcdn.net/hprofile-xfa1/v/t1.0-1/p32x32/11800077_1185220901503433_5129637093039595830_n.jpg?oh=8e68454e793a3409b6ff783236c6ef06&oe=5761CA39",
      "firstName": "Allen",
      "gender": 2,
      "expire": 1455716199
    },
    {
      "id": "100003267449851",
      "name": "Jung H Hwang",
      "picture": "https://scontent.xx.fbcdn.net/hprofile-xfp1/v/t1.0-1/p32x32/12715813_912587045526868_109704317123617886_n.jpg?oh=8374ac8a8276d9f8e86a81aad2ebf779&oe=5723E9E7",
      "firstName": "Jung",
      "gender": 2,
      "expire": 1455716199
    },
    {
      "id": "100001514672519",
      "name": "Noah Kim",
      "picture": "https://scontent.xx.fbcdn.net/hprofile-xap1/v/t1.0-1/p32x32/1456114_600263410034143_1606651189_n.jpg?oh=63d8c204ad4ef6e217210f3e6000318e&oe=57707E8C",
      "firstName": "Noah",
      "gender": 2,
      "expire": 1455716199
    },
    {
      "id": "100000524001159",
      "name": "Chan Lee",
      "picture": "https://scontent.xx.fbcdn.net/hprofile-prn2/v/t1.0-1/p32x32/537221_608937019133759_1471539616_n.jpg?oh=1a39ea5a3253db413919e4e8904cf437&oe=57610D55",
      "firstName": "Chan",
      "gender": 2,
      "expire": 1455716199
    },
    {
      "id": "100004293914475",
      "name": "Shu Zhang",
      "picture": "https://scontent.xx.fbcdn.net/hprofile-xpl1/v/t1.0-1/p32x32/10260035_304176709735457_9087290456790863768_n.jpg?oh=df0bda4cfe636378fad37ddb4d49452d&oe=5731AD20",
      "firstName": "Shu",
      "gender": 1,
      "expire": 1455716199
    },
    {
      "id": "100000637286973",
      "name": "Allen Guo",
      "picture": "https://scontent.xx.fbcdn.net/hprofile-xlp1/v/t1.0-1/p32x32/12047001_1088747714489794_5567672910450146432_n.jpg?oh=ec00edc6f38bad733da3a30ca1d72201&oe=5769E212",
      "firstName": "Allen",
      "gender": 2,
      "expire": 1455716199
    },
    {
      "id": "100000466030348",
      "name": "Allen Cao",
      "picture": "https://scontent.xx.fbcdn.net/hprofile-xfa1/v/t1.0-1/p32x32/11800077_1185220901503433_5129637093039595830_n.jpg?oh=8e68454e793a3409b6ff783236c6ef06&oe=5761CA39",
      "firstName": "Allen",
      "gender": 2,
      "expire": 1455716199
    },
    {
      "id": "100000476141629",
      "name": "Devin Deng",
      "picture": "https://scontent.xx.fbcdn.net/hprofile-xpa1/v/t1.0-1/p32x32/11233264_1406771222682069_4969019278968678025_n.jpg?oh=a0be7a5e1cce7ac878e0c3caf85439d1&oe=57666925",
      "firstName": "Devin",
      "gender": 2,
      "expire": 1455716199
    },
    {
      "id": "100000375507783",
      "name": "Andy Xu",
      "picture": "https://scontent.xx.fbcdn.net/hprofile-xtf1/v/t1.0-1/p32x32/1466080_659789850710192_680658838_n.jpg?oh=45767776eea0308e0679b033f296f0f6&oe=5723C014",
      "firstName": "Andy",
      "gender": 2,
      "expire": 1455716199
    },
    {
      "id": "100000764213025",
      "name": "Andrew Min",
      "picture": "https://scontent.xx.fbcdn.net/hprofile-xaf1/v/t1.0-1/p32x32/11133782_847150481987084_7841928744388176090_n.jpg?oh=f482b50092f7a07ed6bdb16eb52dc490&oe=57236797",
      "firstName": "Andrew",
      "gender": 2,
      "expire": 1455716199
    },
    {
      "id": "100000747828976",
      "name": "Cynthia Liu",
      "picture": "https://scontent.xx.fbcdn.net/hprofile-xfp1/v/t1.0-1/p32x32/12717442_1124027054298878_8844211857954980424_n.jpg?oh=0b3f2f8b0845077562cd50678c2720da&oe=575D3F0C",
      "firstName": "Cynthia",
      "gender": 1,
      "expire": 1455716199
    },
    {
      "id": "100004886525879",
      "name": "Aman Grover",
      "picture": "https://scontent.xx.fbcdn.net/hprofile-xfp1/v/t1.0-1/p32x32/12642438_495338697305677_2359257276737515104_n.jpg?oh=b09242cbd01efbce413533a1ed0cec9b&oe=576E51B0",
      "firstName": "Aman",
      "gender": 2,
      "expire": 1455716199
    },
    {
      "id": "100002029623237",
      "name": "Sarah Hou",
      "picture": "https://scontent.xx.fbcdn.net/hprofile-xpt1/v/t1.0-1/p32x32/11029650_836357526441894_1536973114113171400_n.jpg?oh=04acd947b3a14b1514fef2cba9dacdb9&oe=57241982",
      "firstName": "Sarah",
      "gender": 1,
      "expire": 1455716199
    },
    {
      "id": "100002302611648",
      "name": "Brian Zhou",
      "picture": "https://scontent.xx.fbcdn.net/hprofile-xtp1/v/t1.0-1/c4.15.32.32/p40x40/10294259_925282294225182_3455835568370104088_n.jpg?oh=53116f46710f70d586a68ba87603b027&oe=5726FF04",
      "firstName": "Brian",
      "gender": 2,
      "expire": 1455716199
    },
    {
      "id": "100002310725460",
      "name": "Niveda Tennety",
      "picture": "https://scontent.xx.fbcdn.net/hprofile-xpa1/v/t1.0-1/p32x32/12654433_958747780878904_3019217515493668762_n.jpg?oh=aed14d20d26925735fcd6608e2b137fc&oe=572B1AD8",
      "firstName": "Niveda",
      "gender": 1,
      "expire": 1455716397
    },
    {
      "id": "100001240882284",
      "name": "Koyomi Funahashi",
      "picture": "https://scontent.xx.fbcdn.net/hprofile-xtp1/v/t1.0-1/p32x32/10891582_866526830065338_4898225915809845737_n.jpg?oh=ed670908a25381dd13f4825a35a63d34&oe=575FBCE6",
      "firstName": "Koyomi",
      "gender": 1,
      "expire": 1455716397
    },
    {
      "id": "100000287323571",
      "name": "Julianne Yang",
      "picture": "https://scontent.xx.fbcdn.net/hprofile-xtp1/v/t1.0-1/p32x32/12227606_1082044821815085_9050744698145969168_n.jpg?oh=af81ddeb4ff7164cff883ccadc24e80e&oe=57611E01",
      "firstName": "Julianne",
      "gender": 1,
      "expire": 1455716397
    },
    {
      "id": "100005775872029",
      "name": "Ashley Mathews",
      "picture": "https://scontent.xx.fbcdn.net/hprofile-xpt1/v/t1.0-1/p32x32/11846641_408608809341645_4013662274873680681_n.jpg?oh=bcb6b63bcd1236d8bcdd0f158ace7432&oe=5724D04D",
      "firstName": "Ashley",
      "gender": 1,
      "expire": 1455716397
    },
    {
      "id": "100002789902235",
      "name": "Abhi Ramakrishnan",
      "picture": "https://scontent.xx.fbcdn.net/hprofile-xal1/v/t1.0-1/p32x32/12219536_646864802083177_1181438714687587753_n.jpg?oh=68b01180067520f66bf7e117c9c30700&oe=575BE821",
      "firstName": "Abhi",
      "gender": 1,
      "expire": 1455716397
    },
    {
      "id": "100003311798858",
      "name": "Priya Vaikuntapathi",
      "picture": "https://scontent.xx.fbcdn.net/hprofile-xtf1/v/t1.0-1/p32x32/12688353_898171366969915_6654470460994059960_n.jpg?oh=2a348071e9bb33a56ba8f3c9a87ba7c5&oe=5726B5EC",
      "firstName": "Priya",
      "gender": 1,
      "expire": 1455716397
    },
    {
      "id": "100001180032368",
      "name": "Nicky Sun",
      "picture": "https://scontent.xx.fbcdn.net/hprofile-xla1/v/t1.0-1/p32x32/11926002_922938051088854_5611574225612149967_n.jpg?oh=37cbdd4df3793e03e06f1ddaad2f2ffb&oe=57277001",
      "firstName": "Nicky",
      "gender": 2,
      "expire": 1455716461
    },
    {
      "id": "100001371426433",
      "name": "Aaron Cao",
      "picture": "https://scontent.xx.fbcdn.net/hprofile-xtl1/v/t1.0-1/p32x32/12219479_919735314748841_3051468391531750275_n.jpg?oh=33df166c502e7e60aea507e48ad7fde1&oe=5724A678",
      "firstName": "Aaron",
      "gender": 2,
      "expire": 1455716461
    },
    {
      "id": "100000045597606",
      "name": "Laura Blackstone",
      "picture": "https://scontent.xx.fbcdn.net/hprofile-xlt1/v/t1.0-1/p32x32/12742359_1145311102147065_9086212100875387169_n.jpg?oh=024eb4852921d6ebc4245f122abe499b&oe=5763CE62",
      "firstName": "Laura",
      "gender": 1,
      "expire": 1455716461
    },
    {
      "id": "100000919104182",
      "name": "Bill Huang",
      "picture": "https://scontent.xx.fbcdn.net/hprofile-xlp1/v/t1.0-1/p32x32/12278685_1115703381803621_2811539809986969618_n.jpg?oh=eff101ef405cf82a4f038b6b4c60b059&oe=5764C546",
      "firstName": "Bill",
      "gender": 2,
      "expire": 1455716461
    },
    {
      "id": "100000734033916",
      "name": "Helen Huang",
      "picture": "https://scontent.xx.fbcdn.net/hprofile-xlp1/v/t1.0-1/p32x32/12744565_1098475690186888_291200130274220120_n.jpg?oh=f0b83ceb8ea23b7cc1245681ae23b188&oe=57619B7B",
      "firstName": "Helen",
      "gender": 1,
      "expire": 1455719578
    },
    {
      "id": "100007218738449",
      "name": "Austin Zhou",
      "picture": "https://scontent.xx.fbcdn.net/hprofile-xpa1/v/t1.0-1/p32x32/12345536_1648064445444164_2547364371997009985_n.jpg?oh=ddf6bb3ddd20b2d64b7e1333b3b45993&oe=572F5173",
      "firstName": "Austin",
      "gender": 2,
      "expire": 1455724376
    },
    {
      "id": "100006486329448",
      "name": "Derek Chen",
      "picture": "https://scontent.xx.fbcdn.net/hprofile-xlf1/v/t1.0-1/p32x32/10262155_1948540438705481_3253908596858877735_n.jpg?oh=709658e0ddc3038c0e75b9cfdf54dd8c&oe=576A4621",
      "firstName": "Derek",
      "gender": 2,
      "expire": 1455724376
    },
    {
      "id": "100006063458691",
      "name": "Alex Shi",
      "picture": "https://scontent.xx.fbcdn.net/hprofile-xfa1/v/t1.0-1/p32x32/10915185_1586695701542530_1777262509202027743_n.jpg?oh=c4111ffde3b1a520096deef24272dec3&oe=572D7EE7",
      "firstName": "Alex",
      "gender": 2,
      "expire": 1455724376
    },
    {
      "id": "100001848347499",
      "name": "Jason Lu",
      "picture": "https://scontent.xx.fbcdn.net/hprofile-xtf1/v/t1.0-1/p32x32/12743672_1016797911725144_612350316324165879_n.jpg?oh=437bf18f79d55f264694fa7bc0df369d&oe=5730B1A0",
      "firstName": "Jason",
      "gender": 2,
      "expire": 1455724376
    },
    {
      "id": "100002050670304",
      "name": "Chris Gunwoo Lee",
      "picture": "https://scontent.xx.fbcdn.net/hprofile-xpf1/v/t1.0-1/p32x32/1655835_590440567700960_1389818997_n.jpg?oh=53cda57c4293fa488d3b0d5ec6590f74&oe=575B245D",
      "firstName": "Chris",
      "gender": 2,
      "expire": 1455724376
    }
  ],
  "stickers": [
    {
      "sid": "1601168630115055",
      "pid": "1601167933448458"
    },
    {
      "sid": "792363487547459",
      "pid": "747761758674299"
    },
    {
      "sid": "126361967548600",
      "pid": "126361870881943"
    },
    {
      "sid": "823255067693471",
      "pid": "823232174362427"
    },
    {
      "sid": "144885185685748",
      "pid": "350357561732812"
    },
    {
      "sid": "907259962679134",
      "pid": "893563144048816"
    },
    {
      "sid": "823256184360026",
      "pid": "823232174362427"
    },
    {
      "sid": "907259909345806",
      "pid": "893563144048816"
    },
    {
      "sid": "657500944333163",
      "pid": "615507871865804"
    },
    {
      "sid": "369239263222822",
      "pid": "227877430692340"
    },
    {
      "sid": "144885035685763",
      "pid": "350357561732812"
    },
    {
      "sid": "657500227666568",
      "pid": "615507871865804"
    },
    {
      "sid": "144884925685774",
      "pid": "350357561732812"
    },
    {
      "sid": "1530358107204998",
      "pid": "1530352590538883"
    },
    {
      "sid": "144885315685735",
      "pid": "350357561732812"
    },
    {
      "sid": "648201185294119",
      "pid": "648176385296599"
    },
    {
      "sid": "531111340292241",
      "pid": "531027906967251"
    },
    {
      "sid": "201013703381897",
      "pid": "201013370048597"
    },
    {
      "sid": "641022915913320",
      "pid": "641022829246662"
    },
    {
      "sid": "641022975913314",
      "pid": "641022829246662"
    },
    {
      "sid": "665073393504181",
      "pid": "654473057897548"
    },
    {
      "sid": "1604284033134703",
      "pid": "1604283453134761"
    },
    {
      "sid": "792364260880715",
      "pid": "747761758674299"
    },
    {
      "sid": "499671060115397",
      "pid": "497837993632037"
    },
    {
      "sid": "741787302529641",
      "pid": "741786469196391"
    },
    {
      "sid": "144884835685783",
      "pid": "350357561732812"
    },
    {
      "sid": "144885159019084",
      "pid": "350357561732812"
    },
    {
      "sid": "126362137548583",
      "pid": "126361870881943"
    },
    {
      "sid": "126361900881940",
      "pid": "126361870881943"
    },
    {
      "sid": "554423787978809",
      "pid": "554377321316789"
    },
    {
      "sid": "554423821312139",
      "pid": "554377321316789"
    },
    {
      "sid": "126361874215276",
      "pid": "126361870881943"
    },
    {
      "sid": "144885209019079",
      "pid": "350357561732812"
    },
    {
      "sid": "575284892557555",
      "pid": "497126107040101"
    },
    {
      "sid": "832506956859443",
      "pid": "808449312598541"
    },
    {
      "sid": "387545531371331",
      "pid": "379426362183248"
    },
    {
      "sid": "554423757978812",
      "pid": "554377321316789"
    },
    {
      "sid": "554423847978803",
      "pid": "554377321316789"
    },
    {
      "sid": "700159896686842",
      "pid": "696849087017923"
    },
    {
      "sid": "700159013353597",
      "pid": "696849087017923"
    },
    {
      "sid": "700158496686982",
      "pid": "696849087017923"
    },
    {
      "sid": "700042653365233",
      "pid": "696849087017923"
    },
    {
      "sid": "645898952157623",
      "pid": "638809142866604"
    },
    {
      "sid": "645898752157643",
      "pid": "638809142866604"
    },
    {
      "sid": "645898798824305",
      "pid": "638809142866604"
    },
    {
      "sid": "645898695490982",
      "pid": "638809142866604"
    },
    {
      "sid": "931163110295945",
      "pid": "930680800344176"
    },
    {
      "sid": "645898375491014",
      "pid": "638809142866604"
    },
    {
      "sid": "645898608824324",
      "pid": "638809142866604"
    },
    {
      "sid": "645898348824350",
      "pid": "638809142866604"
    },
    {
      "sid": "373607019482605",
      "pid": "363915433785097"
    },
    {
      "sid": "907259836012480",
      "pid": "893563144048816"
    },
    {
      "sid": "645899268824258",
      "pid": "638809142866604"
    },
    {
      "sid": "1457726171188762",
      "pid": "1457725781188801"
    },
    {
      "sid": "144884805685786",
      "pid": "350357561732812"
    },
    {
      "sid": "832506660192806",
      "pid": "808449312598541"
    },
    {
      "sid": "144884792352454",
      "pid": "350357561732812"
    },
    {
      "sid": "944849612231646",
      "pid": "944789128904361"
    },
    {
      "sid": "554423881312133",
      "pid": "554377321316789"
    },
    {
      "sid": "1435018730122417",
      "pid": "1426512574306366"
    },
    {
      "sid": "126361890881941",
      "pid": "126361870881943"
    },
    {
      "sid": "554423744645480",
      "pid": "554377321316789"
    },
    {
      "sid": "144884825685784",
      "pid": "350357561732812"
    },
    {
      "sid": "788171757923675",
      "pid": "773558389385012"
    },
    {
      "sid": "554423861312135",
      "pid": "554377321316789"
    },
    {
      "sid": "144884865685780",
      "pid": "350357561732812"
    },
    {
      "sid": "144885335685733",
      "pid": "350357561732812"
    },
    {
      "sid": "144885252352408",
      "pid": "350357561732812"
    },
    {
      "sid": "1458437651083530",
      "pid": "1458437024416926"
    },
    {
      "sid": "1458437751083520",
      "pid": "1458437024416926"
    },
    {
      "sid": "364383983724907",
      "pid": "361326460697326"
    },
    {
      "sid": "1604284129801360",
      "pid": "1604283453134761"
    },
    {
      "sid": "788171731257011",
      "pid": "773558389385012"
    },
    {
      "sid": "944849675564973",
      "pid": "944789128904361"
    },
    {
      "sid": "144884905685776",
      "pid": "350357561732812"
    },
    {
      "sid": "144885325685734",
      "pid": "350357561732812"
    },
    {
      "sid": "144885069019093",
      "pid": "350357561732812"
    },
    {
      "sid": "144885299019070",
      "pid": "350357561732812"
    },
    {
      "sid": "724096334291436",
      "pid": "682343041800099"
    },
    {
      "sid": "832506930192779",
      "pid": "808449312598541"
    },
    {
      "sid": "645898868824298",
      "pid": "638809142866604"
    },
    {
      "sid": "396449307165842",
      "pid": "394507800693326"
    },
    {
      "sid": "1573846492838535",
      "pid": "1561180534105131"
    },
    {
      "sid": "383649435129829",
      "pid": "380362042125235"
    },
    {
      "sid": "383649421796497",
      "pid": "380362042125235"
    },
    {
      "sid": "383649365129836",
      "pid": "380362042125235"
    },
    {
      "sid": "383649338463172",
      "pid": "380362042125235"
    },
    {
      "sid": "383649255129847",
      "pid": "380362042125235"
    },
    {
      "sid": "383649305129842",
      "pid": "380362042125235"
    },
    {
      "sid": "383649288463177",
      "pid": "380362042125235"
    },
    {
      "sid": "383649078463198",
      "pid": "380362042125235"
    },
    {
      "sid": "832506830192789",
      "pid": "808449312598541"
    },
    {
      "sid": "832506720192800",
      "pid": "808449312598541"
    },
    {
      "sid": "645898258824359",
      "pid": "638809142866604"
    },
    {
      "sid": "1457726277855418",
      "pid": "1457725781188801"
    },
    {
      "sid": "809485562457612",
      "pid": "806551902750978"
    },
    {
      "sid": "144885022352431",
      "pid": "350357561732812"
    },
    {
      "sid": "209575149232987",
      "pid": "175139712676531"
    },
    {
      "sid": "551710588197406",
      "pid": "548455165189615"
    },
    {
      "sid": "1398251653726351",
      "pid": "1398214440396739"
    },
    {
      "sid": "623427211025346",
      "pid": "623386314362769"
    },
    {
      "sid": "531111406958901",
      "pid": "531027906967251"
    },
    {
      "sid": "677509085613582",
      "pid": "676445339053290"
    },
    {
      "sid": "165989750263317",
      "pid": "158412501021042"
    },
    {
      "sid": "201013663381901",
      "pid": "201013370048597"
    },
    {
      "sid": "654446837903730",
      "pid": "654439774571103"
    },
    {
      "sid": "653197364713638",
      "pid": "652635514769823"
    },
    {
      "sid": "229801603835122",
      "pid": "226596734155609"
    },
    {
      "sid": "665073426837511",
      "pid": "654473057897548"
    },
    {
      "sid": "387545568037994",
      "pid": "379426362183248"
    },
    {
      "sid": "818811264813049",
      "pid": "646526598708184"
    },
    {
      "sid": "582402911770688",
      "pid": "582402521770727"
    },
    {
      "sid": "392309624199683",
      "pid": "392308740866438"
    },
    {
      "sid": "167788080085145",
      "pid": "114487328748554"
    },
    {
      "sid": "443280992445212",
      "pid": "443157242457587"
    },
    {
      "sid": "233289226829508",
      "pid": "226558650835899"
    },
    {
      "sid": "1458437497750212",
      "pid": "1458437024416926"
    },
    {
      "sid": "229801887168427",
      "pid": "226596734155609"
    },
    {
      "sid": "1530358710538271",
      "pid": "1530352590538883"
    },
    {
      "sid": "126362197548577",
      "pid": "126361870881943"
    },
    {
      "sid": "735840439824016",
      "pid": "630879683653426"
    }
  ]
}